{
  "accuracy": 0.5,
  "correct": 5,
  "total": 10,
  "avg_tps": 0.7047234377340796,
  "total_time_s": 1035.867350101471
}