{
  "accuracy": 0.75,
  "correct": 15,
  "total": 20,
  "avg_tps": 7.779926911330837,
  "total_time_s": 437.4077081680298
}