{
  "accuracy": 0.0,
  "correct": 0,
  "total": 10,
  "avg_tps": 1.6658045136580133,
  "total_time_s": 651.9372417926788
}